"DS-1 Orbital Battle Station";"Imperial Department of Military Research, Sienar Fleet Systems";"death_star.jpg"
"Lucrehulk-class Droid Control Ship";"Hoersch-Kessel Drive, Inc.";"droid_control_ship.jpg"
"Executor-class star dreadnought";"Kuat Drive Yards, Fondor Shipyards";"executor.jpg"
"Providence-class carrier/destroyer";"Rendili StarDrive, Free Dac Volunteers Engineering corps.";"trade_federation_cruiser.jpg"
"Munificent-class star frigate";"Hoersch-Kessel Drive, Inc, Gwori Revolutionary Industries";"banking_clan_frigte.jpg"
"Imperial I-class Star Destroyer";"Kuat Drive Yards";"star_destroyer.jpg"
"Senator-class Star Destroyer";"Kuat Drive Yards, Allanteen Six shipyards";"republic_attack_cruiser.jpg"
"GR-75 medium transport";"Gallofree Yards, Inc.";"rebel_transport.jpg"
"Acclamator I-class assault ship";"Rothana Heavy Engineering";"republic_assault_ship.jpg"
"EF76 Nebulon-B escort frigate";"Kuat Drive Yards";"ef76_nebulon-b_escort_frigate.jpg"
"CR90 corvette";"Corellian Engineering Corporation";"cr90_corvette.jpg"
"Star Courier";"Republic Sienar Systems";"scimitar.jpg"
"Modified Luxury Sail Barge";"Ubrikkian Industries Custom Vehicle Division";"sail_barge.jpg"
"C-9979 landing craft";"Haor Chall Engineering";"c-9979_landing_craft.jpg"
"Sentinel-class landing craft";"Sienar Fleet Systems, Cyngus Spaceworks";"sentinel-class_landing_craft.jpg"
"Bantha-II";"Ubrikkian Industries";"bantha-ii_cargo_skiff.jpg"
"YT-1300 light freighter";"Corellian Engineering Corporation";"millennium_falcon.jpg"
"Lambda-class T-4a shuttle";"Sienar Fleet Systems";"imperial_shuttle.jpg"
"Firespray-31-class patrol and attack";"Kuat Systems Engineering";"slave_1.jpg"
"Digger Crawler";"Corellia Mining Corporation";"sand_crawler.jpg"
"Theta-class T-2c shuttle";"Cygnus Spaceworks";"theta-class_t-2c_shuttle.jpg"
"Low Altitude Assault Transport/carrier";"Rothana Heavy Engineering";"laat/c.jpg"
"HAVw A6 Juggernaut";"Kuat Drive Yards";"clone_turbo_tank.jpg"
"Multi-Troop Transport";"Baktoid Armor Workshop";"multi-troop_transport.jpg"
"All Terrain Tactical Enforcer";"Rothana Heavy Engineering, Kuat Drive Yards";"at-te.jpg"
"Tribubble bongo";"Otoh Gunga Bongameken Cooperative";"tribubble_bongo.jpg"
"All Terrain Armored Transport";"Kuat Drive Yards, Imperial Department of Military Research";"at-at.jpg"
"Sheathipede-class transport shuttle";"Haor Chall Engineering";"neimoidian_shuttle.jpg"
"Self-Propelled Heavy Artillery";"Rothana Heavy Engineering";"spha.jpg"
"Punworcca 116-class interstellar sloop";"Huppla Pasa Tisc Shipwrights Collective";"solar_sailer.jpg"
"All Terrain Scout Transport";"Kuat Drive Yards, Imperial Department of Military Research";"at-st.jpg"
"Zephyr-G swoop bike";"Mobquet Swoops and Speeders";"zephyr-g_swoop_bike.jpg"
"Low Altitude Assault Transport/infrantry";"Rothana Heavy Engineering";"laat/i.jpg"
"Twin Ion Engine Advanced x1";"Sienar Fleet Systems";"tie_advanced_x1.jpg"
"Belbullab-22 starfighter";"Feethan Ottraw Scalable Assemblies";"belbullab-22_starfighter.jpg"
"BTL Y-wing";"Koensayr Manufacturing";"y-wing.jpg"
"T-65 X-wing";"Incom Corporation";"x-wing.jpg"
"Aggressive Reconnaissance-170 starfighte";"Incom Corporation, Subpro Corporation";"arc-170.jpg"
"Koro-2 Exodrive airspeeder";"Desler Gizh Outworld Mobility Corporation";"koro-2_exodrive_airspeeder.jpg"
"Twin Ion Engine Interceptor";"Sienar Fleet Systems";"tie/in_interceptor.jpg"
"Twin Ion Engine/Ln Starfighter";"Sienar Fleet Systems";"tie/ln_starfighter.jpg"
"N-1 starfighter";"Theed Palace Space Vessel Engineering Corps";"naboo_fighter.jpg"
"Delta-7 Aethersprite-class interceptor";"Kuat Systems Engineering";"jedi_starfighter.jpg"
"Eta-2 Actis-class light interceptor";"Kuat Systems Engineering";"jedi_interceptor.jpg"
"Alpha-3 Nimbus-class V-wing starfighter";"Kuat Systems Engineering";"v-wing.jpg"
"T-16 skyhopper";"Incom Corporation";"t-16_skyhopper.jpg"
"Oevvaor jet catamaran";"Appazanna Engineering Works";"oevvaor_jet_catamaran.jpg"
"A/SF-01 B-wing starfighter";"Slayn & Korpil";"b-wing.jpg"
"RZ-1 A-wing Interceptor";"Alliance Underground Engineering, Incom Corporation";"a-wing.jpg"
"Raddaugh Gnasp fluttercraft";"Appazanna Engineering Works";"raddaugh_gnasp_fluttercraft.jpg"
"All Terrain Recon Transport";"Kuat Drive Yards";"at-rt.jpg"
"t-47 airspeeder";"Incom corporation";"snowspeeder.jpg"
"Storm IV Twin-Pod";"Bespin Motors";"storm_iv_twin-pod_cloud_car.jpg"
"Tsmeu-6 personal wheel bike";"Z-Gomot Ternbuell Guppat Corporation";"tsmeu-6_personal_wheel_bike.jpg"
"X-34 landspeeder";"SoroSuub Corporation";"x-34_landspeeder.jpg"
"74-Z speeder bike";"Aratech Repulsor Company";"imperial_speeder_bike.jpg"
"FC-20 speeder bike";"Razalon";"sith_speeder.jpg"
"Vulture-class droid starfighter";"Haor Chall Engineering, Baktoid Armor Workshop";"vulture_droid.jpg"
"tri-fighter";"Colla Designs, Phlac-Arphocc Automata Industries";"droid_tri-fighter.jpg"
"HMP droid gunship";"Baktoid Fleet Ordnance, Haor Chall Engineering";"droid_gunship.jpg"
"TIE/sa bomber";"Sienar Fleet Systems";"tie_bomber.jpg"
"MC80 Liberty type Star Cruiser";"Mon Calamari shipyards";"calamari_cruiser.jpg"
"Consular-class cruiser";"Corellian Engineering Corporation";"republic_cruiser.jpg"
"Armoured Assault Tank";"Baktoid Armor Workshop";"armored_assault_tank.jpg"
"Single Trooper Aerial Platform";"Baktoid Armor Workshop";"single_trooper_aerial_platform.jpg"
"J-type 327 Nubian royal starship";"Theed Palace Space Vessel Engineering Corps, Nubia Star Drives";"naboo_royal_starship.jpg"
"J-type diplomatic barge";"Theed Palace Space Vessel Engineering Corps, Nubia Star Drives";"j-type_diplomatic_barge.jpg"
"XJ-6 airspeeder";"Narglatch AirTech prefabricated kit";"xj-6_airspeeder.jpg"
"Botajef AA-9 Freighter-Liner";"Botajef Shipyards";"aa-9_coruscant_freighter.jpg"
"H-type Nubian yacht";"Theed Palace Space Vessel Engineering Corps";"h-type_nubian_yacht.jpg"
"Flitknot speeder";"Huppla Pasa Tisc Shipwrights Collective";"flitknot_speeder.jpg"
"Nantex-class territorial defense";"Huppla Pasa Tisc Shipwrights Collective";"geonosian_starfighter.jpg"
"Fire suppression speeder";NULL;"emergency_firespeeder.jpg"
"J-type star skiff";"Theed Palace Space Vessel Engineering Corps/Nubia Star Drives, Incorporated";"naboo_star_skiff.jpg"
"NR-N99 Persuader-class droid enforcer";"Techno Union";"corporate_alliance_tank_droid.jpg"
